{"beam_size": 5, "crp_alpha": 1, "transition_bias": -1, "num_state": 4, "test_iteration": 2, "verbosity": 1, "out_dir": "./outputs", "result_file": "RESULT_FILE", "uar": 0.7176233835402095, "acc": 0.7040318206472609, "conf": "[[ 789   73  193   48]\n [  43 1186  222  185]\n [ 115  307 1009  277]\n [  29   47   98  910]]"}