{"beam_size": 5, "crp_alpha": 1, "transition_bias": -1, "num_state": 4, "test_iteration": 2, "verbosity": 1, "out_dir": "./outputs", "result_file": "RESULT_FILE", "uar": 0.6829070995356821, "acc": 0.6662448020249503, "conf": "[[ 767   61  227   48]\n [  47 1173  226  190]\n [ 189  374  862  283]\n [  26   76   99  883]]"}