{"beam_size": 5, "crp_alpha": 1, "transition_bias": -1, "num_state": 4, "test_iteration": 2, "verbosity": 1, "out_dir": "./outputs", "result_file": "RESULT_FILE", "uar": 0.7144266359554674, "acc": 0.7016814319291267, "conf": "[[ 774   63  226   40]\n [  32 1159  241  204]\n [ 136  280 1037  255]\n [  29   47   97  911]]"}