{"beam_size": 5, "crp_alpha": 1, "transition_bias": -1, "num_state": 4, "test_iteration": 2, "verbosity": 1, "out_dir": "./outputs", "result_file": "RESULT_FILE", "uar": 0.6760787158226492, "acc": 0.6577472428132345, "conf": "[[ 791   90  160   62]\n [ 106 1078  289  163]\n [ 124  355  901  328]\n [  23   74  119  868]]"}