{"beam_size": 5, "crp_alpha": 1, "transition_bias": -1, "num_state": 4, "test_iteration": 2, "verbosity": 1, "out_dir": "./outputs", "result_file": "RESULT_FILE", "uar": 0.7175598621215286, "acc": 0.7054782137045742, "conf": "[[ 777   60  216   50]\n [  38 1157  270  171]\n [ 124  275 1059  250]\n [  30   44  101  909]]"}