{"beam_size": 5, "crp_alpha": 1, "transition_bias": -1, "num_state": 4, "test_iteration": 2, "verbosity": 1, "out_dir": "./outputs", "result_file": "RESULT_FILE", "uar": 0.682550824729231, "acc": 0.6642560115711444, "conf": "[[ 803   86  157   57]\n [ 101 1089  283  163]\n [ 125  338  912  333]\n [  23   72  119  870]]"}