{"beam_size": 5, "crp_alpha": 1, "transition_bias": -1, "num_state": 4, "test_iteration": 2, "verbosity": 1, "out_dir": "./outputs", "result_file": "RESULT_FILE", "uar": 0.7001387629245398, "acc": 0.6841439161092027, "conf": "[[ 808   42  198   55]\n [  48 1166  225  197]\n [ 162  328  933  285]\n [  31   79   97  877]]"}