{"beam_size": 5, "crp_alpha": 1, "transition_bias": -1, "num_state": 4, "test_iteration": 2, "verbosity": 1, "out_dir": "./outputs", "result_file": "RESULT_FILE", "uar": 0.679993882639949, "acc": 0.6725727716506961, "conf": "[[ 729   42  295   37]\n [  51 1040  372  173]\n [ 104  246 1117  241]\n [  27   63  160  834]]"}